The BLACK ADAM??????transformation has begun. And yes, the Man in Black still gets his cheat meals in!?? What does yours look like? #keepingactive
Thank you for making our #dosdemana celebrations so fun and inspiring. Consider #cincodemayo the after party??
Dedicating my birthday to YOU! Let's celebrate all the quarantine birthdays with a toast heard 'round the world! Show me your duets with #hbdchallenge
She’s still not sold that daddy is Maui...wait till she hears the rumor that daddy is also #therock ?? #yourewelcome #moana
And for the 937th time... #yourewelcome #moana #happyathome
My 2015 moves still play in 2020?? #quarantinelife #throwback
Thank you for 20M. #happyathome #quarantinelife
Riding camels with @imkevinhart goes like...
You ask, I tell. ????The Rock vs. Hulk Hogan????What other questions do you have for me? #RockReacts
Disclaimer: No ducks were hurt in the making of this TikTok. NEW official Jungle Cruise trailer in my bio.
Innovation. Motivation. Get the job done. Our new Project Rock #THROUGHTHEWORK collection available now for men, women and youths. Link in bio.
How I became The Rock...#morph
WINFREY JOHNSON 02.02.20Tune in at pre-game kick off! ?? #WWNow #Athleticon #Oprahs2020VisionTour
Happy Holidays from Dwelf and Little Santa Kev! #jumanji
@imkevinhart is getting nothing but coal this year. #badsanta
A very warm welcome to TikTok, @imkevinhart.
#bestfriend check.
When The Rock asks you to take it to the next level...#JumanjiChallenge
Kevin’s dream come true. #JumanjiChallenge
This is my sacred place. Enjoy a look at my #gymroutine while I’m on the road!
Let’s take the #JumanjiChallenge to the next level. @jumanjimovie
POV: you're The Rock and your annoying friend keeps FTing you...
Kevin Hart vs. Butterfly in a fight. Who wins? #jumanji #butterflykisses #thatescalated #therock
I'll bring the rock, you bring the sand. #ThatsSoTikTok #MisheardLyrics @candyken
24
